ITEM	num	PERGUNTAS	RESPOSTAS
Adicional de acúmulo de função	1	Preciso pagar adicional de acúmulo de função se são atividades compatíveis com a da contratação do(a) empregado(a)?	O artigo 456 da CLT autoriza o empregador a exigir do empregado qualquer atividade lícita que não seja incompatível com a natureza do trabalho pactuado. Dessa forma, atividades muito próximas da função exercida pelo trabalhador, se lícitas, podem ser exigidas dele sem que seja necessário o pagamento de adicional do acúmulo de função. Por exemplo, em sede de julgamento do Recurso de Revista nº 935-54.2014.5.20.0006, o Tribunal Superior do Trabalho (TST) decidiu que as funções de operador de caixa, empacotador e repositor são compatíveis. Dessa forma, ao pedir para o operador de caixa repor ou empacotar mercadorias, não é devido adicional por acúmulo de função.
Adicional de acúmulo de função	2	Preciso pagar adicional de acúmulo de função se peço ao operador de caixa para repor ou empacotar mercadorias?	
Adicional de acúmulo de função	3	Posso pedir para o empregado fazer outras atividades além do que ele foi contratado? 	
Carta de recomendação	4	Qual a diferença entre carta de recomendação de carta de referência?	Primeiramente, frisamos que há pequenas diferenças entre a carta de recomendação e a carta de referência: a carta de recomendação é normalmente elaborada por quem trabalhou com o empregado recomendado e dispõe de um depoimento pessoal positivo sobre ele, enaltecendo suas qualidades profissionais. Já a carta de referência é um documento formal em que constará o nome do empregado, o número da carteira de trabalho, o cargo exercido, data da entrada e saída, dentre outras informações referentes ao contrato de trabalho. Em síntese, a diferença entre as duas é que a carta de referência diz que o empregado não fez nada de ruim e a carta de recomendação enfatiza “como ele é bom”. Em nenhuma delas é permitido falar mal do empregado, sob pena de ficar caracterizado o dano moral. Não há, na legislação trabalhista vigente, uma norma que obrigue as empresas a fornecerem a carta de referência, tampouco a carta de recomendação. Porém, se houver expressa previsão na convenção ou no acordo coletivo, elas devem ser fornecidas
Contratação de aprendiz na função de motorista de carga	5	Se contratar motorista de carga sem qualificação específica ele entra na base de cálculo para fixação da cota?	Em sede de julgamento do Recurso de Revista nº 1000360-13.2018.5.02.0031, o Tribunal Superior do Trabalho (TST) decidiu que a função de motorista demanda formação profissional e, por isso, deve ser incluída na base de cálculo para a fixação da cota de aprendizes a serem contratados pelas empresas.
Contratação de aprendiz na função de motorista de carga	6	Para ser considerado motorista de carga precisa ter uma formação profissional?	
Contratação por prazo determinado	7	Posso contratar por um tempo determinado?	Tem-se a possibilidade de contratar um funcionário por certo tempo determinado, podendo-se citar duas formas regularizadas legalmente, sendo necessário observar qual se encaixaria melhor na situação desejada, estas são: contrato de trabalho por tempo determinado – propriamente dito - e trabalho temporário. O contrato de trabalho por tempo determinado aquele em que o seu termo final pode ser estabelecido com base cronológica (ex.: número de dias, de meses, ou até tal dia), serviço específico, ou realização de certo acontecimento suscetível de previsão aproximada (ex.: término das festas natalinas). Nos contratos que tenham termo estipulado, o empregador que, sem justa causa, despedir o empregado, será obrigado a pagar-lhe, a título de indenização, e por metade, a remuneração a que teria direito até o termo do contrato (art. 479 da CLT).  A diferença desse tipo de contratação para o contrato por prazo indeterminado está na ausência do direito ao aviso prévio, seguro desemprego e a multa de 40% sobre o saldo do FGTS. Havendo termo estipulado, o empregado não se poderá desligar do contrato, sem justa causa, sob pena de ser obrigado a indenizar o empregador dos prejuízos que desse fato lhe resultarem. A indenização, porém, não poderá exceder àquela que teria direito o empregado em idênticas condições (art. 480 da CLT). O contrato por prazo determinado deve ser anotado na CTPS do trabalhador e, além das anotações de rotina, deve constar nas “anotações gerais” a data de início e térmico, bem como eventuais prorrogações. O prazo estipulado para o referido contrato não pode ser superior a 2 (dois) anos. Além das hipóteses acima destacadas, leis específicas podem criar outras modalidades de prestação de serviços a termo, como é o caso do trabalho temporário. Nesse sentido, o trabalho temporário é aquele prestado por pessoa física contratada por uma empresa de trabalho temporário que a coloca à disposição de uma empresa tomadora de serviços, para atender à necessidade de substituição transitória de pessoal permanente ou à demanda complementar de serviços. Há, portanto, uma relação triangular formada pela empresa prestadora, empresa tomadora e pelo trabalhador. Essa espécie de contratação é regida pela Lei 6019/74, a qual dispõe que qualquer que seja o ramo da empresa tomadora de serviços, não existe vínculo de emprego entre ela e os trabalhadores contratados pelas empresas de trabalho temporário. Porém, a empresa contratante é subsidiariamente responsável pelas obrigações trabalhistas referentes ao período em que ocorrer a prestação de serviços. 
Contratação por prazo determinado	8	Posso contratar um funcionário por um tempo certo para o término do contrato?	
Contratação por prazo determinado	9	Posso contratar alguém só por um certo período?	
Contratação por prazo determinado	10	Quais as modalidades de contrato de funcionário por tempo determinado?	
Contratação por prazo determinado	11	Quais as diferenças de um contrato de trabalho por tempo determinado para um de tempo indeterminado?	
Contratação por prazo determinado	12	Como funciona o contrato de trabalho por tempo determinado?	
Contratação por prazo determinado	13	Como funciona o contrato de trabalho temporário?	
Contrato de safra	14	O que é o contrato de safra?	 O contrato de safra, regido pela Lei 5.889/73 e pelo Decreto 73.626/74, é aquele que tem sua duração dependente de variações estacionais das atividades agrárias, assim entendidas as tarefas normalmente executadas no período compreendido entre o preparo do solo para o cultivo e a colheita. O referido contrato encontra-se em consonância com as características básicas dos contratos a termo da CLT. Desse modo, é um pacto cuja vigência depende da realização de certo acontecimento suscetível de previsão aproximada, isto é, um contrato por prazo determinado. Sendo assim, a recomendação é que o termo final seja pactuado de forma expressa entre o empregador e o empregado. Além disso, tem-se a possibilidade de contrato por pequeno prazo (máximo de 2 meses por ano), desde que o empregador seja produtor rural pessoa física, de acordo com o artigo 14 da Lei 5.889/73. Importante é também estar atento ao intervalo entre uma contratação e outra (recontratação sucessiva), não podendo ser inferior a 60 dias, sob pena de se presumir fraudulento o contrato. Se o funcionário exercer atividades que vão além da safra, o contrato poderá ser considerado por prazo indeterminado, segundo entendimento do TST em sede de julgamento do Agravo de Instrumento em Recurso de Revista 11085-66.2015.5.15.0049. Segundo a legislação, encerrado normalmente o contrato de safra, o empregador pagará ao safreiro, a título de indenização do tempo de serviço, o correspondente a 8,3% do salário mensal por mês de serviço ou por fração superior a 14 dias.
Contrato de safra	15	Tem um tipo de contrato para o trabalho na agricultura levando em consideração a safra?	
Contrato de safra	16	Tem um tipo de contrato para o trabalho rural agricultura levando em consideração a safra?	
Contrato de safra	17	Minha empresa lida com agricultura, qual contrato seria o mais indicado para contratar trabalhadores nos períodos de safra? 	
Contrato de safra	18	No contrato de safra, qual é o intervalo entre uma contratação e outra?	
Contrato de safra	19	No contrato de safra, qual é o intervalo de tempo necessário para a recontratação sucessiva?	
Contrato de safra	20	No contrato de safra, o que acontece se o funcionário exercer atividades que vão além da safra?	
Contrato de safra	21	No contrato de safra pode contratar por pequeno prazo? Quais os limites?	
Contrato de safra	22	No contrato de safra há obrigatoriedade do pagamento de alguma verba indenizatória se houver o encerramento do contrato?	
Contrato por obra certa	23	O que é o contrato por obra certa?	O contrato por obra certa, regido pela Lei nº 2.959/56, é aquele utilizado quando se precisa de um trabalhador para executar determinado serviço, em uma obra específica (geralmente de construção civil), tendo o término do contrato juntamente com o do serviço ajustado previamente (nem sempre vai coincidir com o fim da obra). Deve-se assinar a CTPS do empregado na página destinada as “Anotações Gerais”, sendo que aquele que realizará a assinatura é o construtor, denominado empregador, desde que exerça a atividade em caráter permanente. É preciso destacar que se o empregado trabalha em várias obras ao mesmo tempo ou se trabalha alguns dias em uma obra e outros dias em outra, haverá descaracterização desse tipo de contrato.
Contrato por obra certa	24	Posso contratar um funcionário para trabalhar apenas em uma obra?	
Contrato por obra certa	25	Posso contratar um funcionário para trabalhar apenas em uma parte de uma obra?	
Contrato por obra certa	26	Onde devo assinar na CTPS quando contrato um empregado por hora certa?	
Dano moral coletivo	27	O que é dano moral coletivo?	O dano moral coleetivo carece de regulamentação legislativa própria do direito trabalhista, aplicando-se assim as definições dadas pela legislação civil (art. 1º, IV da Lei nº 7.347/85, art. 21, c/c art. 90 do CDC), no qual diz ser possível a responsabilidade por danos morais e coletivos causados a “qualquer outro interesse difuso ou coletivo”.  Além disso, defende-se que é necessário reunir também todos os elementos essenciais da responsabilidade civil, estes são: dano, ilicitude e nexo causal.  As situações que costumam ensejar o dano moral coletivo na seara trabalhista ocorrem quando há um dano que atinge a uma coletividade, e não apenas a um indivíduo, e decorre do descumprimento de obrigações legais que prejudiquem a uma coletividade de trabalhadores. Desse modo é como ser a medida tomada pelo Ministério Público quando este entende ter sido ferido algum direito constitucionalmente protegido, tais quais: valor social do trabalho, a segurança e bem-estar dos indivíduos, ao exercício dos direitos sociais e individuais. 
Dano moral coletivo	28	Quais são os casos entendidos como dano moral coletivo?	
Enquadramento sindical	29	Como sei qual sindicato representa os trabalhadores da empresa?	O enquadramento sindical dos empregados de uma empresa é definido pela categoria econômica do empregador, sendo esse o setor que a empresa atua de forma preponderante (art. 581, § 2º da CLT). Isso ocorre independentemente da função exercida pelo trabalhador ou de sua formação profissional. Entretanto, há ainda aqueles que pertencem a uma categoria profissional diferenciada, sendo identificadas naquelas profissões que possuem lei própria, como, por exemplo, o advogado, o médico e o engenheiro. Nesse caso, aplicam-se a eles as normas coletivas negociadas por seus sindicatos específicos e não aquelas aplicáveis aos demais trabalhadores da empresa. Essa diferenciação apenas deixará de ocorrer se não houver negociação entre o sindicato da categoria profissional diferenciada e a empresa ou seu sindicato. Assim, para o correto enquadramento sindical dois elementos devem ser observados: o objeto social da empresa (sua atividade preponderante) e a existência ou não de categorias diferenciadas. Contudo, deve-se estar atento a outra problemática, isso é, a existência de múltiplas atividades pela empresa, de modo que se torna impossível estabelecer qual delas é a preponderante no contrato social.  Desta feita, se a empresa explorar diversas atividades econômicas, sem que seja possível estabelecer qual é a principal, cada uma delas será incorporada à correspondente categoria econômica (art. 581, § 1º da CLT), ou seja, deve-se observar a atividade efetivamente exercida pelo empregado.
Enquadramento sindical	30	Como sei qual sindicato representa os empregados da empresa?	
Enquadramento sindical	31	O que é uma categoria profissional diferenciada?	
Enquadramento sindical	32	O setor jurídico da minha empresa entraria no mesmo sindicato que os demais trabalhadores?	
Enquadramento sindical	33	O setor jurídico da minha empresa entraria no mesmo sindicato que os demais empregados?	
Enquadramento sindical	34	Qual seria o sindicato que representa os trabalhadores da empresa se há a existência de múltiplas atividades pela empresa?	
Enquadramento sindical	35	Qual seria o sindicato que representa os empregados da empresa se há a existência de múltiplas atividades pela empresa?	
Enquadramento sindical	36	Qual seria o sindicato que representa os trabalhadores da empresa se há como definir a atividade preponderante da empresa?	
Enquadramento sindical	37	Qual seria o sindicato que representa os empregados da empresa se há como definir a atividade preponderante da empresa?	
Faltas graves cometidas por funcionária gestante	38	O que acontece se a funcionária grávida cometer falta grave?	As gestantes possuem estabilidade no emprego desde a confirmação da gravidez até cinco meses após o parto (art. 10, II, b, ADCT). Porém, essa estabilidade não é absoluta, de modo que a empregada grávida que cometer falta grave poderá sofrer com as consequências de sua conduta e ser demitida por justa causa, desde que essa conduta seja devidamente comprovada pela empresa e os procedimentos legais sejam observados. Por exemplo, faltas injustificadas caracterizam a desídia, mas, mencionado anteriormente, faz-se necessário que a empresa esteja com todas as provas desse ato faltoso.  Para tanto, faz-se preciso seguir alguns passos. Na primeira ocorrência da falta grave, deve-se fazer uma advertência verbal para a funcionária. Ressalta-se que essa advertência verbal não pode ser feita na frente de outros funcionários, pois pode gerar dano moral. Nesse momento, deve-se pontuar qual o ato faltoso que foi cometido e ressaltar quais as consequências desse ato, explicando qual o comportamento correto a ser adotado dentro da empresa. Também pode-se oferecer ajuda, a depender da justificativa que a funcionária der.  A partir do segundo ato faltoso do mesmo tipo, já se pode fazer uma advertência escrita. Deve-se incluir, no texto, que houve uma advertência verbal anteriormente e que, mesmo assim, o ato se repetiu.  Na terceira vez que o mesmo ato faltoso for cometido, a empresa poderá suspender a funcionária por período não superior a 30 dias, sendo aconselhada uma suspensão pequena, de 2 ou 3 dias. Os mesmos procedimentos da advertência escrita devem ser tomados, mas incluindo a informação de que a funcionária não receberá pelos dias em que estiver suspensa. Deve-se também ser incluída a informação de que ela poderá ser demitida por justa causa, caso repita a mesma falta. A partir da quarta vez que o mesmo ato faltoso se repetir, desde que obedecida a gradação das "penas" acima, a empresa poderá aplicar a demissão por justa causa. É muito válido e importante que todo esse procedimento seja feito da maneira mais leve e humana possível, para que a funcionária não fique retraída, nem se instaure um clima desagradável na empresa.
Faltas graves cometidas por funcionária gestante	39	Qual a empresa deve agir quando funcionária grávida cometer falta grave?	
Faltas graves cometidas por funcionária gestante	40	Uma funcionária grávida pode ser demitida?	
pagamento de salário	41	Qual o prazo que o empregador tem para efetuar o pagamento de salário ao empregado?	O parágrafo primeiro, do artigo 459 da CLT (Consolidação das Leis do Trabalho), estabelece que o pagamento do salário deve ser realizado no máximo até o 5º dia útil do mês subsequente ao vencido. É permitido o pagamento por cheque ou depósito bancário a alfabetizados, desde que o horário do banco permita ao empregado movimentar a conta, devendo a empresa pagar as despesas de condução, se o banco não estiver próximo. A movimentação da conta através de cartão magnético também é permitida.
Aviso prévio	42	O que fazer quando o empregado que está cumprindo aviso prévio e praticar irregularidades no trabalho?	Independentemente de estar cumprindo aviso prévio, o empregado que cometer irregularidades na prestação de serviços está sujeito às sanções disciplinares, que poderão variar entre advertência e suspensão, podendo ainda implicar na rescisão do contrato por justa causa no caso de reincidência ou dependendo da gravidade da irregularidade.
Homologação	43	O que fazer se o empregado demitido, comparecendo ao sindicato ou ao Ministério do Trabalho para homologação da rescisão trabalhista, se negar a receber as verbas devidas?	Se o empregado se recusar a receber as verbas trabalhistas, depositar na conta dele, se não tiver conta, fazer consignação em juízo, para que a Justiça do Trabalho entenda que você cumpriu com sua obrigação. Mas após a Reforma Trabalhista não é mais necessário fazer homologação em sindicato ou Ministério do Trabalho.
convenção coletiva	44	O que é Convenção Coletiva de Trabalho?	Trata-se de um acordo entre sindicato de empregados e sindicato de empregadores para a estipulação de normas, que dispõe sobre as condições mínimas de trabalho da categoria, como por exemplo, pisos salariais, benefícios, etc. Conforme define o artigo 611 da CLT, a convenção coletiva de trabalho é o acordo de caráter normativo, pelo qual dois ou mais sindicatos representativos de categorias econômicas e profissionais estipulam condições de trabalho aplicáveis, no âmbito das respectivas representações, às relações individuais de trabalho.Os direitos previstos na convenção coletiva têm a mesma força das normas da CLT.
	45	Na rescisão por justa causa é possível a homologação pelo sindicato ou no Ministério do Trabalho?	Após a reforma trabalhista não é necessária homologação do contrato de trabalho, inclusive para demissões por justa causa. Porém, não há impedimento para que a mesma seja homologada.
horário noturno	46	O empregado que trabalha no horário noturno caso seja transferido para o horário diurno, perde o direito ao adicional noturno?	O empregado perde o adicional, caso seja transferido para o horário diurno, conforme dispõe a Súmula 265 do Tribunal Superior do Trabalho - TST; sendo importante que o empregador obtenha a anuência do mesmo por escrito; caso contrário a mudança de horário não será lícita, por ferir o art. 468 da Consolidação das Leis do Trabalho – CLT.É devido o adicional noturno ao empregado que trabalhar no período entre as 22:00 horas de um dia e as 5:00 horas do dia seguinte. Esse adicional é de 20% (vinte por cento) sobre a remuneração do trabalho diurno.
Correção salarial	47	O empregado que se afastar por motivo de doença, tem o direito de correção salarial igual àquela obtida por outros funcionários, após seu retorno ao trabalho? 	Sim, terminado o período de afastamento por motivo de doença, cabe ao funcionário retornar imediatamente ao trabalho e ele também fará juz a correção salarial igual à obtida por outros funcionários durante o seu afastamento.
aviso právio	48	É possível desistir após ter dado aviso prévio ao empregado?	O aviso prévio é a informação à outra parte que o contrato de trabalho terminou, é possível desistir sim,mas como o contrato de trabalho tem que ter aceitação das duas partes, o avisado tem que concordar com o cancelamento do aviso prévio. Ou ainda as partes podem fazer a quitação do contrato de trabalho e iniciar um novo.
duração de jornada	49	Qual a duração da jornada de trabalho? 	Em geral a duração da jornada conforme CLT é de 44 horas por semana e 220 horas por mês.
horas de descanso	50	Quantas horas de descanso deve haver entre uma jornada de trabalho e outra? 	Trata-se de intervalo interjornada que não se confunde com o intervalo para refeição e descanso, que deve ser de no mínimo de 1 hora para jornadas superiores a 6 horas. Entre duas jornadas de trabalho haverá um período mínimo de 11 (onze) horas consecutivas para descanso.
pagamento de salário	51	Qual é o prazo para pagamento da remuneração das férias e abono solicitados?	Após a reforma trabalhista, as férias podem ser gozadas em até 3 períodos, sendo que um deles não pode ser inferior a 14 dias. O pagamento da remuneração das férias e do abono será efetuado até dois dias antes do início do respectivo período.
pagamento de rescisão	52	Qual é o prazo para pagamento das verbas oriundas da rescisão do contrato de trabalho?	De acordo com o parágrafo 6º do art. 477 da Consolidação das Leis do Trabalho, o pagamento das parcelas constantes do instrumento da rescisão ou recibo de quitação deverá ser efetuado nos seguintes prazos: (1) até o primeiro dia útil imediato ao término do contrato; (2)ou até o décimo dia, contado do dia da notificação referente à demissão, quando da ausência do aviso-prévio, indenização do mesmo ou dispensa de seu cumprimento.
morte de empregado	53	Em caso de morte do empregado,  o que empregador deve fazer para efetuar a rescisão? 	O empregador deve providenciar a baixa na Carteira de Trabalho e Previdência Social (CTPS), e deve anotar no campo data da saída, o dia do óbito do empregado e efetuar a rescisão contratual por falecimento. Os valores rescisórios deverão ser pagos em quotas iguais, aos dependentes habilitados perante a Previdência Social. Caso não sejam identificados esses dependentes,os valores deverão ser pagos através de ação de consignação em pagamento perante a Justiça do Trabalho.
horas extras	54	Qual a quantidade de horas extras permitidas para empregado em geral? 	Conforme preceitua o art. 59 da CLT, a duração normal do trabalho poderá ser acrescida de horas suplementares, em número não excedente a duas horas por dia.
processo disciplinar	55	Existe algum critério de precedência para aplicação de penalidades ao empregado, no caso de suspensões e advertências?	O Empregador tem o poder disciplinar  na empresa e pode aplicar penalidades aos empregados que violarem as normas da empresa ou cometer atos que se enquadrem no art. 282 da CLT. Entretanto, não existe um critério de precedência e pode ser aplicada a advertência ou suspensão analisando a gravidade do fato. O Empregador deve aplicar essas penalidades sempre com bom senso e em caso de falta grave pode ser aplicada a justa causa. Se o Empregador aplicar 3 advertências, de acordo com a gravidade para a mesma incidência, pode suspender o funcionário ou aplicar demissão por justa causa. Lembrando que existem hipóteses para demissão imediata por justa causa no artigo 482 da CLT.
devolução da CTPS	56	Qual é o prazo que o empregador tem para devolver ao empregado, a carteira de trabalho, que tomou para anotações? 	O empregador tem o prazo, improrrogável, de 48 horas para fazer anotações necessárias e devolver a CTPS. Esse prazo começa a ser contado a partir do momento da entrega da carteira, que deve ser devolvida mediante recibo do empregado.
Atualização da CTPS	57	Quando a carteira de trabalho deve ser atualizada?	A carteira de trabalho deve ser sempre que ocorrer alteração contratual, correção salarial, concessão de férias ou em caso de recolhimento de contribuição sindical.
banco de horas	58	É possível implantar o “banco de horas” (as horas extras trabalhadas em um dia serem compensadas com a diminuição em outro dia) ?	Considerando que a Lei 13.467/2017 (Reforma Trabalhista) acrescentou o parágrafo 5 (quinto) ao artigo 59 da CLT, em princípio, não há impedimento à implantação de bando de horas, desde que, observados os requisitos legais. Contudo, cumpre esclarecer que, no tocante à jornada de trabalho, o que for convencionado se sobrepõe ao legislado.  
salário proporcional	59	A Empresa pode contratar um empregado para trabalhar menos que 44 (quarenta e quatro) horas semanais, recebendo salário proporcional à sua jornada?	A Lei 13.467/2017 (Reforma Trabalhista) acrescentou o artigo 58-A, à CLT, que dispõe que “considera-se trabalho em regime de tempo parcial aquele cuja duração não exceda a trinta horas semanais, sem a possibilidade de horas suplementares semanais, ou, ainda, aquele cuja duração não exceda a vinte e seis horas semanais, com a possibilidade de acréscimo de até seis horas suplementares semanais”, sendo que o salário do empregado será proporcional à sua jornada, em relação aos empregados que cumprem, nas mesmas funções, em tempo integral. 
exames médicos	60	As empresas estão obrigados a realizar exames médicos em seus empregados?	Sim, por força do estabelecido no art. 168 da CLT e pela Norma Regulamentadora nº 07 – NR-7, que é parte de um conjunto de normas relativas à medicina e engenharia do trabalho, editadas pelo Ministério do Trabalho e Emprego, todos os empregadores estão obrigados à implementação do chamado Programa de Controle Médico de Saúde Ocupacional – PCMSO, o qual prevê a realização de exames médicos dos seus empregados, a cada 12 meses.
exames médicos	62	Em que ocasiões devem ser realizados os  exames médicos dos empregados?	Resumidamente, os exames médicos devem ser realizados nas seguintes ocasiões: antes da admissão do empregado; periodicamente; mudança de função, quando a nova ocupação exponha o trabalhador a agente de risco; quando do retorno ao trabalho após afastamento por período igual ou superior a 30 dias por motivos de doença, acidente ou parto; quando da demissão do empregado.
exames médicos	63	Quais os intervalos máximos para a realização dos exames periódicos?	O período máximo é anual podendo ser por um período menor, a critério do médico encarregado, ou se notificado pelo médico agente da inspeção do trabalho, ou, ainda, como resultado de negociação coletiva de trabalho;
PPRA	63	Quais empresas estão obrigadas a implementar o Programa de Prevenção de Riscos Ambientais – PPRA?	Todos os empregadores e instituições que admitam trabalhadores como empregados, estão sujeitos à Norma Regulamentadora nº 09 – NR-09, do Ministério do Trabalho e Emprego, que impõe a implementação do referido programa, cujo objetivo é o antecipado reconhecimento, avaliação e controle dos riscos que o ambiente de trabalho possa oferecer à saúde do trabalhador.
PPRA	64	Feita a primeira avaliação técnica do ambiente de trabalho, após quanto tempo deverá ser renovada? 	Conforme dispõe a NR-09, deverá ser feita pelo menos uma vez ao ano uma análise global do PPRA para avaliação do seu desenvolvimento e realização dos ajustes necessários, podendo ocorrer avaliação em menor tempo, caso seja identificada necessidade para tal, por exemplo, havendo uma modificação nas instalações ou condições do ambiente de trabalho.
CIPA	65	Qual a finalidade da CIPA? 	A Comissão Interna de Prevenção de Acidentes – CIPA, tem como finalidade a prevenção de acidentes e doenças decorrentes do trabalho, de modo a tornar compatível permanentemente o trabalho com a preservação da vida e a promoção da saúde do trabalhador.
GRUPO ECONÔMICO 	66	Uma empresa pode ser responsabilizada pelos débitos de outra empresa, se ele existir um sócio em comum nas duas empresas?	Mesmo que um sócio faça parte de duas ou mais empresa, tal fato, por si só,  não poderá ser considerado isoladamente para a caracterização de grupo econômico. Em sentido reverso, poderá ser considerado grupo econômico as empresas que possuem personalidades distintas, sócios inteiramente distintos, mas que apresentes os requisitos definidos na lei. Devem ser  demonstrados concomitantemente 3 requisitos:  1. a demonstração do interesse integrado; 2. a efetiva comunhão de interesses; 3. atuação conjunta das empresas dele integrantes.  A norma legal veio de encontro à interpretação ampla do conceito de grupo econômico difundida pela jurisprudência. Em resumo, o art. 3o exclui a identidade de sócios como elemento de caracterização de grupo econômico.
GRUPO ECONÔMICO 	67	Uma empresa pode ser responsabilidade por débitos de outra, alegando grupo econômico?	
RESPONSABILIDADE TRABALHISTA NA SUCESSÃO EMPRESARIAL	68	Uma empresa pode ser responsabilizada pelos débitos de outra se der continuidade ao mesmo negócio da empresa anterior?  	Os sucessores – sociedade empresária ou sócios – são responsáveis pelas obrigações trabalhistas da empresa sucedida, inclusive as obrigações contraídas na época em que os empregados trabalhavam para as empresas sucedidas. A empresa sucedida somente responderá solidariamente quando ficar comprovada fraude na transferência. O texto legal confirmou o entendimento dos tribunais quanto responsabilidade da empresa sucessora, entretanto, limitou a responsabilidade solidária entre sucessores e sucedidos apenas quando ficar comprovada fraude.
RESPONSABILIDADE TRABALHISTA NA SUCESSÃO EMPRESARIAL	69	Como se caracteriza a sucessão empresarial?	
 LIMITAÇÃO DA RESPONSABILIDADE DO SÓCIO RETIRANTE	70	O sócio que se retira de uma sociedade empresarial pode ser responsabilizado por débitos da empresa?	A CLT agora prevê expressamente a responsabilidade do sócio retirante pelos débitos trabalhistas da sociedade relativamente ao período em que aquele figurou como sócio. Os sucessores – sociedade empresária ou sócios – são responsáveis pelas obrigações trabalhistas da empresa sucedida, inclusive as obrigações contraídas na época em que os empregados trabalhavam para as empresas sucedidas. A empresa sucedida somente responderá solidariamente quando ficar comprovada fraude na transferência. O texto legal confirmou o entendimento dos tribunais quanto responsabilidade da empresa sucessora, entretanto, limitou a responsabilidade solidária entre sucessores e sucedidos apenas quando ficar comprovada fraude. Os principais impactos para as empresas são as limitações inseridas na nova lei: 1) A responsabilidade do sócio será subsidiária e não solidária; 2) Está limitada às ações ajuizadas em até 02 (dois) anos  após a averbação da saída do sócio do quadro societário da empresa; 3) Os bens do sócio retirante somente poderão ser executados após esgotados todos os meios de execução dos bens da empresa devedora e dos sócios atuais.  Tais limitações trarão mais segurança jurídica para que os empresários não sejam ilimitadamente responsabilizados pelas obrigações trabalhistas das empresas, ocorridas muitas vezes apenas em fase de execução
PRESCRIÇÃO INTERCORRENTE	71	 Uma empresa pode deixar de pagar um débito de um empregado, mesmo após ter sido condenada na justiça?	A aplicação da prescrição objetiva a segurança jurídica, no sentido de extinguir a pretensão de se exigir um direito caso não pleiteado no lapso temporal definido em lei. A prescrição intercorrente trata-se de prescrição supressiva – que extingue a pretensão devido ao transcurso do tempo – e ocorre no curso da execução (após o trânsito em julgado do processo), quando o mesmo fica inativo por inércia do exequente, evitando que inúmeros processos de execução de prolonguem por anos a fio. A CLT agora reconhece a prescrição intercorrente no processo do trabalho no prazo de 2 anos, com início do prazo quando o exequente deixa de cumprir determinação judicial no curso da execução. O reconhecimento da prescrição intercorrente pode ser requerida ou declarada de ofício em qualquer grau de jurisdição. O novo dispositivo da CLT encontra-se em total sintonia com o art. 40 da Lei das execuções fiscais que define a prescrição intercorrente da mesma forma, sendo tal dispositivo aplicável à CLT, conforme seu art. 889. Com essa alteração, a prescrição intercorrente passa a ser um fenômeno jurídico incluído em todo o processo civil, incluindo o processo do trabalho. No presente caso, ocorreu a prevalência da Súmula 327 do Supremo Tribunal Federal sobre a Súmula 114 do Tribunal Superior do Trabalho.
PRESCRIÇÃO INTERCORRENTE	72	É possível ocorreu prescrição depois que um processo trabalhista já foi julgado?	
TRABALHO INfANTIL	73	O que é considerado trabalho infantil? 	É considerado trabalho infantil, no Brasil, aquele realizado por crianças ou adolescentes com idade inferior a 16 (dezesseis) anos, a não ser na condição de aprendiz, quando a idade mínima permitida passa a ser de 14 (catorze) anos. 
TRABALHO INfANTIL	74	No trabalho doméstico, as idades são as mesmas? 	Não. A idade mínima para o trabalho doméstico é 18 (dezoito) anos. Assim, todo trabalho doméstico realizado antes dessa idade será considerado infantil.
TRABALHO INfANTIL	73	Por que para o trabalho doméstico a idade mínima é superior?	O Brasil ratificou a Convenção Nº 182 da Organização Internacional do Trabalho (OIT), que trata das piores formas de trabalho infantil, em que não se pode trabalhar antes dos 18 (dezoito) anos. Ao regulamentar a Convenção, pelo Decreto Nº 6.481/2008, o País incluiu entre as piores formas o trabalho doméstico. 
TRABALHO INfANTIL	74	Qual a razão para só poder realizar trabalho doméstico após os 18 anos? 	O trabalho doméstico, segundo a Lista TIP (das piores formas de trabalho infantil), submete o trabalhador a riscos ocupacionais como esforços físicos intensos, isolamento, abuso físico, psicológico e sexual; longas jornadas de trabalho, trabalho noturno, calor, exposição ao fogo, posições antiergonômicas e movimentos repetitivos; tracionamento da coluna vertebral, e sobrecarga muscular. Tais riscos trazem, como possíveis consequências à saúde, afecções musculoesqueléticas (bursites, tendinites, dorsalgias, sinovites, tenossinovites), contusões, fraturas, ferimentos, queimaduras, ansiedade, alterações na vida familiar, transtornos do ciclo vigília-sono, DORT/LER, deformidades da coluna vertebral (lombalgias, lombociatalgias, escolioses, cifoses, lordoses), síndrome do esgotamento profissional e neurose profissional; traumatismos, tonturas e fobias. Tudo isso justifica a proibição. 
TRABALHO INfANTIL	75	O menor de idade pode trabalhar como babá? 	Não, não pode! Babá também é empregada doméstica. Aliás, qualquer um que trabalhe para pessoa ou família, no (ou para o) âmbito residencial, é trabalhador doméstico. Assim, nem a atividade de babá nem outra qualquer nessa situação pode ser realizada por quem ainda não completou 18 (dezoito) anos.
TRABALHO INfANTIL	76	Se não se pode trabalhar antes dessas idades, como é que existem crianças e adolescentes trabalhando em novelas, filmes e outras atividades artísticas? 	Há uma exceção à regra geral que proíbe o trabalho infantil. O Brasil também ratificou a Convenção 138 da OIT sobre a idade mínima para admissão em emprego. A referida Convenção, no artigo 8º, diz que a autoridade competente pode, mediante licenças concedidas em casos individuais, permitir a participação em representações artísticas. Dispõe, porém, que licenças dessa natureza limitarão não apenas o número de horas de duração do emprego ou trabalho, mas estabelecerão as condições em que é permitido.
TRABALHO INfANTIL	77	Quem pode dar a autorização para o trabalho do menor de idade? 	Depois do advento da Emenda Constitucional Nº 45/2004, que ampliou consideravelmente a competência da Justiça do Trabalho, só o Juiz do Trabalho pode apreciar a matéria, concedendo ou não autorização. 
TRABALHO INfANTIL	78	Até que idade a pessoa é considerada criança?	De acordo com o Estatuto da Criança e do Adolescente (ECA), até os 12 (doze) anos incompletos.
TRABALHO INfANTIL	79	Até que idade a pessoa é considerada adolescente? 	Segundo o Estatuto da Criança e do Adolescente - ECA, dos 12 (doze) completos aos 18 (dezoito) anos incompletos de idade. 
TRABALHO INfANTIL	80	O certo não seria considerar trabalho infantil apenas o exercido por crianças? 	O Brasil optou por considerar trabalho infantil aquele realizado antes das idades mínimas permitidas, conforme já dito. Para alguns efeitos, é considerado infantil o trabalho desenvolvido antes dos 18 (dezoito) anos, como é o caso daqueles descritos na lista TIP.
TRABALHO INfANTIL	81	O trabalho noturno é proibido? Em que idade e de que horas a que horas? 	Sim, o trabalho noturno é proibido para quem ainda não completou 18 (dezoito) anos. O legislador deveria ter estabelecido um horário mais dilatado para a proibição, como das 19h de um dia às 7h do outro. Mas não o fez. Assim, só é considerado noturno o trabalho compreendido entre 22h de um dia e 5h do outro na zona urbana. Para o trabalho na zona rural, tem se entendido que se aplica a lei do rural. A proibição, assim, envolve trabalho das 21h às 5h se for na lavoura e das 20h às 4h se for na pecuária.
TRABALHO INfANTIL	82	Há outros tipos de trabalho proibidos para quem ainda não completou 18 anos? 	Sim. Aquele que ainda não tem 18 (dezoito) anos não pode realizar trabalho insalubre, perigoso ou penoso. Também é vedado o trabalho que seja prejudicial à formação do adolescente, ao seu desenvolvimento físico, psíquico, moral e social e em horários e locais que não permitam a frequência à escola. A Lista TIP traz relacionada as proibições. 
TRABALHO INfANTIL	83	Adolescente pode cumprir horas extraordinárias? 	Em regra, não. Aliás, se ele tiver mais de um emprego, as horas têm que ser somadas, não podendo ultrapassar os limites legais. Entretanto, é possível a prorrogação da jornada, somente se autorizada por norma coletiva (Convenção ou Acordo Coletivo de Trabalho), até o limite de duas horas diárias e desde que para compensação dentro da própria semana (exemplo: não trabalhar aos sábados e dividir as horas entre os outros dias da semana). De qualquer modo, o limite semanal de 44 horas (ou outro inferior estabelecido) não poderá ser ultrapassado. Neste caso, se respeitados todos esses parâmetros, não haverá acréscimo salarial (adicional de 50%). Note-se que para o adolescente não é possível acordo individual. 
TRABALHO INfANTIL	84	O que é trabalho em regime familiar? 	Ocorre trabalho em regime familiar quando alguém presta serviços em oficinas nas quais trabalhem exclusivamente pessoas de sua família, hipótese em que é excluído (parágrafo único do artigo 402 da CLT) do âmbito de aplicação do Capítulo que trata da proteção conferida ao trabalhador adolescente (IV). 
TRABALHO INfANTIL	85	O trabalho em regime familiar configura vínculo empregatício? 	Não, pois decorre do exercício do poder familiar (antigo pátrio-mátrio poder), que confere aos pais o direito de, entre outras coisas, dirigir a criação e educação dos filhos, exigindo que estes lhes prestem obediência, respeito e os serviços próprios de sua idade e condição (art. 1634, I e VII do novo Código Civil). De qualquer forma, essa é exceção que, para ser válida, tem as mesmas restrições de jornada que existem para todos os adolescentes, proíbe trabalho noturno, insalubre, perigoso e penoso e veda, igualmente, o trabalho em locais prejudiciais à moralidade. 
TRABALHO INfANTIL	86	O que é contrato de aprendizagem? 	É um contrato especial, que deve ser escrito e tem prazo determinado de no máximo dois anos, com a finalidade principal de assegurar ao aprendiz formação técnicoprofissional metódica. Ou seja: deve haver método que alie trabalho e educação, com aumento progressivo da complexidade das atividades, para qualificação profissional do aprendiz. 
TRABALHO INfANTIL	87	Qual a idade em que é permitida a aprendizagem? 	Como exceção à regra de que o trabalho só é permitido a partir dos 16 anos, a aprendizagem pode começar aos 14. A idade máxima é de 24 anos, mas, se o aprendiz for pessoa com alguma deficiência, esse limite poderá ser ultrapassado, assim como a duração de dois anos. 
TRABALHO INfANTIL	88	O contrato de aprendizagem é de emprego? 	Sim, o aprendiz é empregado. Não é um contrato comum, pois tem contornos especiais. Distingue-se dos demais especialmente pela natureza formativa-educacional voltada para a qualificação profissional, mas tem como pressuposto de validade, inclusive, a anotação na CTPS. 
TRABALHO INfANTIL	89	O aprendiz precisa ir à escola? 	Se o aprendiz, independentemente da idade, não tiver concluído o ensino médio, precisa matricular-se e frequentar a escola para que essa modalidade especial de contratação seja válida. Há exceção apenas em locais em que não seja oferecido ensino médio, quando estará dispensado da escola, desde que haja concluído o ensino fundamental. 
TRABALHO INfANTIL	90	O aprendiz tem direito a salário igual ao dos demais trabalhadores? 	Não. Está assegurado o salário-mínimo-hora ao aprendiz, seja ele adolescente ou jovem. Não haverá direito a receber mais, exceto se houver previsão específica de condição mais benéfica para o aprendiz, e não genérica, como aquela que estipula o piso salarial para a categoria em Convenção ou Acordo Coletivo de Trabalho, que só se aplicam ao aprendiz se dispuserem, elas próprias, nesse sentido. O salário será proporcional às horas trabalhadas. 
TRABALHO INfANTIL	91	As empresas têm a obrigação de contratar aprendizes? 	Sim, são obrigadas por lei a contratar, como aprendizes, 5% dos trabalhadores existentes em cada estabelecimento cujas funções demandem formação profissional, nunca excedendo a 15%. Havendo frações de unidade quando calculadas as percentagens, elas darão lugar à admissão de um aprendiz. 
TRABALHO INfANTIL	92	Todas as empresas a obrigação de contratar aprendizes? 	Estão dispensadas da contratação de aprendizes as microempresas e as empresas de pequeno porte (Lei 9.841/99, art. 11; art. 14, I, do Decreto 5.598/2005). O art. 429 da CLT excepciona, ainda, da limitação nele fixada, as entidades sem fins lucrativos que tenham por objetivo a educação profissional (§ 1º). 
TRABALHO INfANTIL	93	 Entre adolescentes e jovens com mais de 18 anos, deve haver alguma prioridade na contratação? 	Os adolescentes deverão ter prioridade na contratação, exceto em hipóteses em que se sujeitem a insalubridade ou periculosidade (sem que o risco possa ser eliminado ou haja ambiente simulado), a lei exija licença ou autorização vedada para quem ainda não completou 18 anos, ou haja incompatibilidade com o seu desenvolvimento físico, psicológico ou moral. Em tais hipóteses, só jovens com mais de 18 anos de idade poderão ser contratados como aprendizes. 
TRABALHO INfANTIL	94	Há alguma jornada especial para o aprendiz? 	Sim. Os aprendizes que não completaram o ensino fundamental têm jornada diária de trabalho limitada a seis horas, sendo proibidas a prorrogação e compensação de horários (art. 432 da CLT). Se já completado o ensino fundamental, o limite diário é de oito horas. Na jornada deverá estar compreendido o tempo destinado à teoria. 
TRABALHO INfANTIL	95	As aulas teóricas podem ser ministradas na empresa? 	As aulas teóricas devem ser ministradas “em ambiente físico adequado ao ensino, e com meios didáticos apropriados”. A teoria, conforme permite o decreto que regulamenta a aprendizagem (Decreto Nº 5.598/2005 art. 22, § 1º), pode ser dada “sob a forma de aulas demonstrativas no ambiente de trabalho”, sendo vedada, porém, na hipótese, qualquer atividade laboral durante as aulas. Além disso, é vedado ao tomador dos serviços do aprendiz cometer-lhe atividades diversas daquelas previstas no programa de aprendizagem em desenvolvimento. 
TRABALHO INfANTIL	96	O FGTS do aprendiz é igual ao dos demais trabalhadores? 	Não, a lei prevê que o FGTS do aprendiz é de 2%. Isso se justifica em razão da natureza especial do contrato. 
TRABALHO INfANTIL	97	O aprendiz tem direito de fazer coincidir suas férias com as escolares? 	Se for adolescente, como qualquer trabalhador que ainda não completou 18 anos, terá direito de coincidir as férias no trabalho com um dos períodos das férias escolares, conforme o art. 136, § 2º, da CLT. Além disto, não poderá haver fracionamento (art. 134, § 2º, da CLT).
TRABALHO INfANTIL	98	O aprendiz tem direito ao vale-transporte? 	Sim, e o benefício deve compreender os trajetos necessários ao deslocamento, não apenas entre a residência e a empresa (e vice-versa), como também o da instituição onde cursa o programa de aprendizagem, já que o contrato de aprendizagem engloba, também, as horas que passa na instituição. 
TRABALHO INfANTIL	99	O empregador do aprendiz tem alguma vantagem? 	Sim. Em primeiro lugar, proporcionando aprendizagem verdadeira, o empregador contribuirá com a qualificação de adolescentes e jovens, agindo com responsabilidade e no cumprimento da função social da empresa. Além disso – que não é pouco! – poderá, mantendo os melhores aprendizes como empregados depois do término do programa, qualificar melhor seu quadro de pessoal. Não fosse o bastante, em razão das peculiaridades e de sua especial natureza educacional, que se sobrepõe ao aspecto produtivo, o contrato de aprendizagem tem menor custo que o comum. Embora o propósito não seja barateamento puro e simples, a alíquota do FGTS é menor (2%), há exigência apenas de observância inicial do salário-mínimo horário, é possível a contratação por intermédio de entidade qualificada (que normalmente paga encargos menores), enfim, há estímulos para fomentar a contratação de aprendizes. Será, enfim, partícipe da transformação, para melhor, da realidade socioeconômica dos envolvidos e, em última análise, do nosso País.